kquinn200@nniuqislek.net,Tarjeta,1519928767,"Lorem ipsum dolor sit amet, consectetur adipiscing elit. Sed iaculis dapibus neque sit amet interdum. Phasellus nec fringilla sem. Proin elementum est sit amet dignissim iaculis. "
chardy488@ydrahdahc.biz,Cheque,1488392767,"Praesent ullamcorper, neque at suscipit efficitur, justo dolor eleifend arcu, nec laoreet augue purus vitae orci. Cras porta mauris in molestie mollis."
chubbard147@drabbuhassiralc.biz,Paypal,1488756954,Duis egestas venenatis tortor vitae tempus. In sed odio id leo facilisis posuere ut consectetur erat. Mauris mollis vitae sapien congue euismod.
imcguire589@eriugcmnai.net,Otro,1493881740,"Ut aliquam massa arcu, nec tempus nibh volutpat dictum. Proin hendrerit augue non leo commodo aliquam. Cras ut nunc tempus, tincidunt ante quis, posuere sapien. "
kmedina60@anidemardnassak.biz,Cheque,1514611540,"Sed porta nisl vel turpis efficitur, at ultrices tortor suscipit. "
iadams847@smadaaidni.com,Otro,1506149110,"Lorem ipsum dolor sit amet, consectetur adipiscing elit. Sed iaculis dapibus neque sit amet interdum. Phasellus nec fringilla sem. Proin elementum est sit amet dignissim iaculis. "
cmunoz134@zonumeillac.net,Transferencia,1518290582,"Praesent ullamcorper, neque at suscipit efficitur, justo dolor eleifend arcu, nec laoreet augue purus vitae orci. Cras porta mauris in molestie mollis."
jmunoz155@zonumnahtanoj.org,Cheque,1499955726,Duis egestas venenatis tortor vitae tempus. In sed odio id leo facilisis posuere ut consectetur erat. Mauris mollis vitae sapien congue euismod.
belliott903@ttoilleidnarb.biz,Tarjeta,1491094974,"Ut aliquam massa arcu, nec tempus nibh volutpat dictum. Proin hendrerit augue non leo commodo aliquam. Cras ut nunc tempus, tincidunt ante quis, posuere sapien. "
smcguire509@eriugcmahsas.net,Paypal,1511460006,"Ut aliquam massa arcu, nec tempus nibh volutpat dictum. Proin hendrerit augue non leo commodo aliquam. Cras ut nunc tempus, tincidunt ante quis, posuere sapien. "
cgilbert401@trebligeissac.biz,Tarjeta,1493780940,"Sed porta nisl vel turpis efficitur, at ultrices tortor suscipit. "
sporter881@retroprelyks.org,Transferencia,1506988927,"Lorem ipsum dolor sit amet, consectetur adipiscing elit. Sed iaculis dapibus neque sit amet interdum. Phasellus nec fringilla sem. Proin elementum est sit amet dignissim iaculis. "
wclarke48@ekralcretlaw.com,Paypal,1499014861,"Praesent ullamcorper, neque at suscipit efficitur, justo dolor eleifend arcu, nec laoreet augue purus vitae orci. Cras porta mauris in molestie mollis."
jklein369@nielkhpesoj.org,Tarjeta,1503176378,"Praesent ullamcorper, neque at suscipit efficitur, justo dolor eleifend arcu, nec laoreet augue purus vitae orci. Cras porta mauris in molestie mollis."
tbrady527@ydarbailat.com,Tarjeta,1503531941,Duis egestas venenatis tortor vitae tempus. In sed odio id leo facilisis posuere ut consectetur erat. Mauris mollis vitae sapien congue euismod.
bwatkins578@sniktawecyrb.com,Transferencia,1510592496,"Ut aliquam massa arcu, nec tempus nibh volutpat dictum. Proin hendrerit augue non leo commodo aliquam. Cras ut nunc tempus, tincidunt ante quis, posuere sapien. "
tparker145@rekrapyt.net,Paypal,1497198736,"Sed porta nisl vel turpis efficitur, at ultrices tortor suscipit. "
lluna809@anulyrral.biz,Paypal,1499449718,"Lorem ipsum dolor sit amet, consectetur adipiscing elit. Sed iaculis dapibus neque sit amet interdum. Phasellus nec fringilla sem. Proin elementum est sit amet dignissim iaculis. "
hgomez561@zemogyelah.com,Paypal,1494758504,"Praesent ullamcorper, neque at suscipit efficitur, justo dolor eleifend arcu, nec laoreet augue purus vitae orci. Cras porta mauris in molestie mollis."
bsilva515@avlisnodnerb.biz,Paypal,1513740153,"Lorem ipsum dolor sit amet, consectetur adipiscing elit. Sed iaculis dapibus neque sit amet interdum. Phasellus nec fringilla sem. Proin elementum est sit amet dignissim iaculis. "
tharrington995@notgnirrahyert.net,Cheque,1505682051,"Praesent ullamcorper, neque at suscipit efficitur, justo dolor eleifend arcu, nec laoreet augue purus vitae orci. Cras porta mauris in molestie mollis."
jpratt513@ttarpettenaej.org,Cheque,1501027835,Duis egestas venenatis tortor vitae tempus. In sed odio id leo facilisis posuere ut consectetur erat. Mauris mollis vitae sapien congue euismod.
sterry223@yrretainos.org,Tarjeta,1515284029,"Ut aliquam massa arcu, nec tempus nibh volutpat dictum. Proin hendrerit augue non leo commodo aliquam. Cras ut nunc tempus, tincidunt ante quis, posuere sapien. "
rramos192@somarnomar.org,Transferencia,1511064276,Duis egestas venenatis tortor vitae tempus. In sed odio id leo facilisis posuere ut consectetur erat. Mauris mollis vitae sapien congue euismod.
apaul46@luapnothsa.net,Transferencia,1497564265,"Ut aliquam massa arcu, nec tempus nibh volutpat dictum. Proin hendrerit augue non leo commodo aliquam. Cras ut nunc tempus, tincidunt ante quis, posuere sapien. "
rayala461@alayadeer.com,Cheque,1502261915,"Lorem ipsum dolor sit amet, consectetur adipiscing elit. Sed iaculis dapibus neque sit amet interdum. Phasellus nec fringilla sem. Proin elementum est sit amet dignissim iaculis. "
mfigueroa269@aoreugifsocram.com,Transferencia,1505631510,"Praesent ullamcorper, neque at suscipit efficitur, justo dolor eleifend arcu, nec laoreet augue purus vitae orci. Cras porta mauris in molestie mollis."
jpatton359@nottapauhsoj.biz,Cheque,1516941140,"Ut aliquam massa arcu, nec tempus nibh volutpat dictum. Proin hendrerit augue non leo commodo aliquam. Cras ut nunc tempus, tincidunt ante quis, posuere sapien. "
kflynn782@nnylfnetsrik.com,Cheque,1491085451,"Sed porta nisl vel turpis efficitur, at ultrices tortor suscipit. "
jgriffith19@htiffirgecitsuj.net,Otro,1508568134,"Lorem ipsum dolor sit amet, consectetur adipiscing elit. Sed iaculis dapibus neque sit amet interdum. Phasellus nec fringilla sem. Proin elementum est sit amet dignissim iaculis. "
fthornton47@notnrohtnaibaf.net,Transferencia,1502860993,"Praesent ullamcorper, neque at suscipit efficitur, justo dolor eleifend arcu, nec laoreet augue purus vitae orci. Cras porta mauris in molestie mollis."
awatkins182@sniktawadnama.biz,Otro,1494701003,"Lorem ipsum dolor sit amet, consectetur adipiscing elit. Sed iaculis dapibus neque sit amet interdum. Phasellus nec fringilla sem. Proin elementum est sit amet dignissim iaculis. "
eoconnor522@ronnocorehtse.net,Paypal,1506702704,"Praesent ullamcorper, neque at suscipit efficitur, justo dolor eleifend arcu, nec laoreet augue purus vitae orci. Cras porta mauris in molestie mollis."
mross991@ssoraim.net,Paypal,1519491014,Duis egestas venenatis tortor vitae tempus. In sed odio id leo facilisis posuere ut consectetur erat. Mauris mollis vitae sapien congue euismod.
crowe302@ewordahc.net,Otro,1517976836,"Ut aliquam massa arcu, nec tempus nibh volutpat dictum. Proin hendrerit augue non leo commodo aliquam. Cras ut nunc tempus, tincidunt ante quis, posuere sapien. "
dmcdaniel380@leinadcmnived.org,Otro,1492306468,Duis egestas venenatis tortor vitae tempus. In sed odio id leo facilisis posuere ut consectetur erat. Mauris mollis vitae sapien congue euismod.
msteele252@eleetssedecrem.org,Transferencia,1491404932,"Ut aliquam massa arcu, nec tempus nibh volutpat dictum. Proin hendrerit augue non leo commodo aliquam. Cras ut nunc tempus, tincidunt ante quis, posuere sapien. "
fadkins923@snikdatserrof.biz,Cheque,1502991521,"Lorem ipsum dolor sit amet, consectetur adipiscing elit. Sed iaculis dapibus neque sit amet interdum. Phasellus nec fringilla sem. Proin elementum est sit amet dignissim iaculis. "
gmitchell133@llehctimyerffoeg.net,Tarjeta,1515212044,"Praesent ullamcorper, neque at suscipit efficitur, justo dolor eleifend arcu, nec laoreet augue purus vitae orci. Cras porta mauris in molestie mollis."
cpeterson979@nosretepronnoc.net,Otro,1498772534,"Lorem ipsum dolor sit amet, consectetur adipiscing elit. Sed iaculis dapibus neque sit amet interdum. Phasellus nec fringilla sem. Proin elementum est sit amet dignissim iaculis. "
kwilson465@nosliwkcirdnek.com,Tarjeta,1501852611,"Praesent ullamcorper, neque at suscipit efficitur, justo dolor eleifend arcu, nec laoreet augue purus vitae orci. Cras porta mauris in molestie mollis."
hbowman225@namwobrehtaeh.biz,Cheque,1510185740,Duis egestas venenatis tortor vitae tempus. In sed odio id leo facilisis posuere ut consectetur erat. Mauris mollis vitae sapien congue euismod.
jlang288@gnalnadroj.org,Transferencia,1495599719,"Ut aliquam massa arcu, nec tempus nibh volutpat dictum. Proin hendrerit augue non leo commodo aliquam. Cras ut nunc tempus, tincidunt ante quis, posuere sapien. "
ahill609@llihaicila.biz,Transferencia,1495063480,"Ut aliquam massa arcu, nec tempus nibh volutpat dictum. Proin hendrerit augue non leo commodo aliquam. Cras ut nunc tempus, tincidunt ante quis, posuere sapien. "
lmalone916@enolamanerol.org,Tarjeta,1515811732,"Sed porta nisl vel turpis efficitur, at ultrices tortor suscipit. "
bmarsh14@hsramennairb.biz,Paypal,1502679848,"Praesent ullamcorper, neque at suscipit efficitur, justo dolor eleifend arcu, nec laoreet augue purus vitae orci. Cras porta mauris in molestie mollis."
pcross184@ssorcordep.biz,Otro,1491453112,Duis egestas venenatis tortor vitae tempus. In sed odio id leo facilisis posuere ut consectetur erat. Mauris mollis vitae sapien congue euismod.
kpierce871@ecreipnyrhtak.biz,Tarjeta,1491486513,"Ut aliquam massa arcu, nec tempus nibh volutpat dictum. Proin hendrerit augue non leo commodo aliquam. Cras ut nunc tempus, tincidunt ante quis, posuere sapien. "
cnguyen676@neyugnnotloc.net,Otro,1514953913,"Lorem ipsum dolor sit amet, consectetur adipiscing elit. Sed iaculis dapibus neque sit amet interdum. Phasellus nec fringilla sem. Proin elementum est sit amet dignissim iaculis. "
abates592@setabyerbua.net,Otro,1507604400,"Praesent ullamcorper, neque at suscipit efficitur, justo dolor eleifend arcu, nec laoreet augue purus vitae orci. Cras porta mauris in molestie mollis."