JEZWVAE2GBG0V,Kelsi,Quinn,Paul,24/10/2003,"634 Apple Turnpike,Birmingham,MA,42258",4102079027,kquinn200@nniuqislek.net,Maestro,1
DYC5EJSMPBDOO,Chad,Hardy,Ayala,17/03/1957,"328 Lakeview Street,Lubbock,WV,39033",7273353893,chardy488@ydrahdahc.biz,Bombero,1
0X6CBWGOLWLM6,Clarissa,Hubbard,Figueroa,8/3/1980,"539 Hoover Highway,Birmingham,DC,84024",6556073813,chubbard147@drabbuhassiralc.biz,Empleado,1
N01RIVBP0R3BN,Ian,Mcguire,Patton,4/8/1926,"154 South Ford Boulevard,Escondido,NH,13389",9024806221,imcguire589@eriugcmnai.net,Obrero,0
HNONUBNADKZYN,Kassandra,Medina,Flynn,6/3/2011,"328 Lime Garden,Midland,NH,39125",9353411872,kmedina60@anidemardnassak.biz,Doctor,1
XBL6Q1I8NRSPV,India,Adams,Griffith,11/7/1964,"845 Harrison Way,Antioch,ME,34648",9278714277,iadams847@smadaaidni.com,Diseñador,1
U1G1PTNVM6XFB,Callie,Munoz,Thornton,15/09/2008,"692 Hickory Highway,Fort Worth,WV,23583",5874321177,cmunoz134@zonumeillac.net,Profesor,1
SQZGZQ4DGXJI1,Jonathan,Munoz,Watkins,24/02/2002,"1 Cleveland Expressway,Athens,TX,65009",6357228533,jmunoz155@zonumnahtanoj.org,Empresario,1
KI26DFUTI55S3,Brandi,Elliott,Oconnor,29/10/2014,"476 Mahogany Lane,New Haven,ID,48836",3622658843,belliott903@ttoilleidnarb.biz,Maestro,1
DA8HGBEWM9T0Q,Sasha,Mcguire,Ross,30/10/1967,"641 Van Buren Circle,Dayton,NY,29698",3503194456,smcguire509@eriugcmahsas.net,Bombero,1
I33P3K2A86P7I,Cassie,Gilbert,Rowe,21/05/2008,"525 Blueberry Lane,Indianapolis,CT,54412",5832523866,cgilbert401@trebligeissac.biz,Empleado,1
L1YBTTPQMIQHW,Skyler,Porter,Mcdaniel,29/03/1962,"736 West Watermelon Drive,Fayetteville,TX,14556",5484795187,sporter881@retroprelyks.org,Obrero,1
5OZGGGUJIGCCO,Walter,Clarke,Steele,9/3/1920,"397 East Johnson Garden,Lafayette,NE,03416",7629536456,wclarke48@ekralcretlaw.com,Doctor,0
CMFXBGLMV8RY9,Joseph,Klein,Adkins,1/9/1942,"48 Watermelon Way,Ontario,DC,11259",7156314715,jklein369@nielkhpesoj.org,Diseñador,1
WEFMGOFYU8ED5,Talia,Brady,Mitchell,17/06/1966,"684 Van Buren Street,Odessa,NJ,89086",3915879438,tbrady527@ydarbailat.com,Obrero,1
P5MEKZH8VKNY4,Bryce,Watkins,Peterson,29/07/1997,"570 East Lemon Loop,Phoenix,UT,62228",7585127867,bwatkins578@sniktawecyrb.com,Doctor,1
QDUXCGMIW8I77,Ty,Parker,Wilson,13/08/1951,"719 Adams Highway,Tempe,KY,18904",7284930051,tparker145@rekrapyt.net,Diseñador,1
TGXEWESXSAYY6,Larry,Luna,Bowman,10/5/1921,"83 Van Buren Way,Peoria,MI,63885",7462953315,lluna809@anulyrral.biz,Profesor,1
X4ZEP9CQ2J53T,Haley,Gomez,Lang,13/06/1966,"752 Coolidge Circle,Garland,MN,85039",3299349901,hgomez561@zemogyelah.com,Profesor,1
UBZRGNAUVN6D6,Brendon,Silva,Hill,31/01/2005,"79 West Johnson Expressway,Arlington,NM,25999",2408995618,bsilva515@avlisnodnerb.biz,Empresario,1
1RHSPI5K4AC5O,Trey,Harrington,Malone,15/03/2010,"79 West Taylor Way,Dallas,NH,13686",7616407327,tharrington995@notgnirrahyert.net,Político,1
08Q6E2M6D562L,Jeanette,Pratt,Marsh,9/6/1968,"605 Beech Terrace,Wichita,DE,45962",4786604920,jpratt513@ttarpettenaej.org,Pepenador,1
6IOB09WPH1DUD,Sonia,Terry,Cross,10/4/1980,"253 Banana Place,Denver,NC,42627",8586867341,sterry223@yrretainos.org,Bombero,1
ZYFWLWRPWFR2J,Ramon,Ramos,Pierce,31/10/1936,"128 Ash Lane,Fremont,CA,13276",8382702587,rramos192@somarnomar.org,Empleado,1
RHS2WC3FCGDRQ,Ashton,Paul,Nguyen,15/05/1980,"824 Sweet Avenue,Winchester,IA,51315",3277992185,apaul46@luapnothsa.net,Obrero,0
VC2Z7Z7Y9I4LR,Reed,Ayala,Bates,1/7/1980,"439 Buchanan Loop,Anaheim,FL,84149",5095250080,rayala461@alayadeer.com,Bombero,1
L13X67HBN0XY8,Marcos,Figueroa,Quinn,1/8/1998,"842 Vine Garden,Chattanooga,HI,23893",2889474828,mfigueroa269@aoreugifsocram.com,Empleado,1
ZQ2TISAYZCKGB,Joshua,Patton,Hardy,5/1/2012,"905 Jefferson Way,Visalia,CT,23066",7555751043,jpatton359@nottapauhsoj.biz,Obrero,1
6B1NOW8PI7XPD,Kirsten,Flynn,Hubbard,17/08/1973,"334 South Grapefruit Road,Austin,CT,72822",8508596030,kflynn782@nnylfnetsrik.com,Doctor,0
I3TD9V0V8VBCJ,Justice,Griffith,Mcguire,28/09/1937,"308 Buchanan Highway,San Antonio,TX,80071",6749131598,jgriffith19@htiffirgecitsuj.net,Maestro,1
1E8KLTZQA9OLJ,Fabian,Thornton,Medina,12/8/1970,"730 Truman Place,Tempe,NV,28307",3567793066,fthornton47@notnrohtnaibaf.net,Bombero,1
LLQ47FMEJJM2B,Amanda,Watkins,Adams,7/4/1984,"116 East 4th Way,Greenville,IN,54621",2073775162,awatkins182@sniktawadnama.biz,Empleado,1
6JJSQKJL662B2,Esther,Oconnor,Munoz,24/09/1952,"613 Coolidge JEZWVAE2GBG0V	Kelsi	Quinn	Paul	24/10/2003	634 Apple Turnpike,Birmingham,MA,42258	4102079027	kquinn200@nniuqislek.net	Maestro	1
DYC5EJSMPBDOO	Chad	Hardy	Ayala	17/03/1957	328 Lakeview Street,Lubbock,WV,39033	7273353893	chardy488@ydrahdahc.biz	Bombero	1
0X6CBWGOLWLM6	Clarissa	Hubbard	Figueroa	8/3/1980	539 Hoover Highway,Birmingham,DC,84024	6556073813	chubbard147@drabbuhassiralc.biz	Empleado	1
N01RIVBP0R3BN	Ian	Mcguire	Patton	4/8/1926	154 South Ford Boulevard,Escondido,NH,13389	9024806221	imcguire589@eriugcmnai.net	Obrero	0
HNONUBNADKZYN	Kassandra	Medina	Flynn	6/3/2011	328 Lime Garden,Midland,NH,39125	9353411872	kmedina60@anidemardnassak.biz	Doctor	1
XBL6Q1I8NRSPV	India	Adams	Griffith	11/7/1964	845 Harrison Way,Antioch,ME,34648	9278714277	iadams847@smadaaidni.com	Diseñador	1
U1G1PTNVM6XFB	Callie	Munoz	Thornton	15/09/2008	692 Hickory Highway,Fort Worth,WV,23583	5874321177	cmunoz134@zonumeillac.net	Profesor	1
SQZGZQ4DGXJI1	Jonathan	Munoz	Watkins	24/02/2002	1 Cleveland Expressway,Athens,TX,65009	6357228533	jmunoz155@zonumnahtanoj.org	Empresario	1
KI26DFUTI55S3	Brandi	Elliott	Oconnor	29/10/2014	476 Mahogany Lane,New Haven,ID,48836	3622658843	belliott903@ttoilleidnarb.biz	Maestro	1
DA8HGBEWM9T0Q	Sasha	Mcguire	Ross	30/10/1967	641 Van Buren Circle,Dayton,NY,29698	3503194456	smcguire509@eriugcmahsas.net	Bombero	1
I33P3K2A86P7I	Cassie	Gilbert	Rowe	21/05/2008	525 Blueberry Lane,Indianapolis,CT,54412	5832523866	cgilbert401@trebligeissac.biz	Empleado	1
L1YBTTPQMIQHW	Skyler	Porter	Mcdaniel	29/03/1962	736 West Watermelon Drive,Fayetteville,TX,14556	5484795187	sporter881@retroprelyks.org	Obrero	1
5OZGGGUJIGCCO	Walter	Clarke	Steele	9/3/1920	397 East Johnson Garden,Lafayette,NE,03416	7629536456	wclarke48@ekralcretlaw.com	Doctor	0
CMFXBGLMV8RY9	Joseph	Klein	Adkins	1/9/1942	48 Watermelon Way,Ontario,DC,11259	7156314715	jklein369@nielkhpesoj.org	Diseñador	1
WEFMGOFYU8ED5	Talia	Brady	Mitchell	17/06/1966	684 Van Buren Street,Odessa,NJ,89086	3915879438	tbrady527@ydarbailat.com	Obrero	1
P5MEKZH8VKNY4	Bryce	Watkins	Peterson	29/07/1997	570 East Lemon Loop,Phoenix,UT,62228	7585127867	bwatkins578@sniktawecyrb.com	Doctor	1
QDUXCGMIW8I77	Ty	Parker	Wilson	13/08/1951	719 Adams Highway,Tempe,KY,18904	7284930051	tparker145@rekrapyt.net	Diseñador	1
TGXEWESXSAYY6	Larry	Luna	Bowman	10/5/1921	83 Van Buren Way,Peoria,MI,63885	7462953315	lluna809@anulyrral.biz	Profesor	1
X4ZEP9CQ2J53T	Haley	Gomez	Lang	13/06/1966	752 Coolidge Circle,Garland,MN,85039	3299349901	hgomez561@zemogyelah.com	Profesor	1
UBZRGNAUVN6D6	Brendon	Silva	Hill	31/01/2005	79 West Johnson Expressway,Arlington,NM,25999	2408995618	bsilva515@avlisnodnerb.biz	Empresario	1
1RHSPI5K4AC5O	Trey	Harrington	Malone	15/03/2010	79 West Taylor Way,Dallas,NH,13686	7616407327	tharrington995@notgnirrahyert.net	Político	1
08Q6E2M6D562L	Jeanette	Pratt	Marsh	9/6/1968	605 Beech Terrace,Wichita,DE,45962	4786604920	jpratt513@ttarpettenaej.org	Pepenador	1
6IOB09WPH1DUD	Sonia	Terry	Cross	10/4/1980	253 Banana Place,Denver,NC,42627	8586867341	sterry223@yrretainos.org	Bombero	1
ZYFWLWRPWFR2J	Ramon	Ramos	Pierce	31/10/1936	128 Ash Lane,Fremont,CA,13276	8382702587	rramos192@somarnomar.org	Empleado	1
RHS2WC3FCGDRQ	Ashton	Paul	Nguyen	15/05/1980	824 Sweet Avenue,Winchester,IA,51315	3277992185	apaul46@luapnothsa.net	Obrero	0
VC2Z7Z7Y9I4LR	Reed	Ayala	Bates	1/7/1980	439 Buchanan Loop,Anaheim,FL,84149	5095250080	rayala461@alayadeer.com	Bombero	1
L13X67HBN0XY8	Marcos	Figueroa	Quinn	1/8/1998	842 Vine Garden,Chattanooga,HI,23893	2889474828	mfigueroa269@aoreugifsocram.com	Empleado	1
ZQ2TISAYZCKGB	Joshua	Patton	Hardy	5/1/2012	905 Jefferson Way,Visalia,CT,23066	7555751043	jpatton359@nottapauhsoj.biz	Obrero	1
6B1NOW8PI7XPD	Kirsten	Flynn	Hubbard	17/08/1973	334 South Grapefruit Road,Austin,CT,72822	8508596030	kflynn782@nnylfnetsrik.com	Doctor	0
I3TD9V0V8VBCJ	Justice	Griffith	Mcguire	28/09/1937	308 Buchanan Highway,San Antonio,TX,80071	6749131598	jgriffith19@htiffirgecitsuj.net	Maestro	1
1E8KLTZQA9OLJ	Fabian	Thornton	Medina	12/8/1970	730 Truman Place,Tempe,NV,28307	3567793066	fthornton47@notnrohtnaibaf.net	Bombero	1
LLQ47FMEJJM2B	Amanda	Watkins	Adams	7/4/1984	116 East 4th Way,Greenville,IN,54621	2073775162	awatkins182@sniktawadnama.biz	Empleado	1
6JJSQKJL662B2	Esther	Oconnor	Munoz	24/09/1952	613 Coolidge Terrace,Aurora,VA,02550	7067766049	eoconnor522@ronnocorehtse.net	Obrero	1
UK85K9PVH40V1	Mia	Ross	Munoz	12/11/1934	520 Sunset Garden,Corpus Christi,AR,42551	3314242161	mross991@ssoraim.net	Doctor	1
0J39CR0BABTGX	Chad	Rowe	Elliott	28/10/1949	246 North Washington Highway,Jackson,PA,47655	4275955057	crowe302@ewordahc.net	Diseñador	1
ITBCAIQT8YZYH	Devin	Mcdaniel	Mcguire	27/07/1938	170 South Hickory Garden,Norman,NV,11208	9974974697	dmcdaniel380@leinadcmnived.org	Obrero	1
8HECC9HYL7PZJ	Mercedes	Steele	Gilbert	29/09/1921	652 South Mountain Expressway,Oklahoma City,MS,14596	9017515228	msteele252@eleetssedecrem.org	Doctor	1
20IZVB37GCYZE	Forrest	Adkins	Porter	14/03/2013	49 Buchanan Boulevard,Frisco,OK,22381	7733597384	fadkins923@snikdatserrof.biz	Diseñador	1
O0RQQFZP7Q11B	Geoffrey	Mitchell	Clarke	12/2/2017	836 South 6th Garden,Port St. Lucie,VA,57248	9266217944	gmitchell133@llehctimyerffoeg.net	Maestro	0
1I4PY3ACP8N26	Connor	Peterson	Klein	7/2/1965	496 Willow Turnpike,Westminster,WV,82316	2152341881	cpeterson979@nosretepronnoc.net	Bombero	1
T6M7YM11UXQDA	Kendrick	Wilson	Brady	26/01/1957	109 South Truman Turnpike,Gainesville,CA,91175	3809795907	kwilson465@nosliwkcirdnek.com	Empleado	1
A435X8Q7ABAJK	Heather	Bowman	Watkins	22/10/1976	685 North Willow Highway,Killeen,RI,64005	6235394796	hbowman225@namwobrehtaeh.biz	Obrero	1
CQR2IKW9B5MOW	Jordan	Lang	Parker	11/11/1998	552 Guava Place,Sunnyvale,WA,61354	8444620163	jlang288@gnalnadroj.org	Doctor	1
M619B3PK17FJH	Alicia	Hill	Luna	25/02/1979	201 North Sunrise Loop,Oxford,CA,01690	3715611615	ahill609@llihaicila.biz	Diseñador	1
C4CW1MY6QXSNA	Lorena	Malone	Gomez	3/9/1942	233 Cleveland Lane,Oakland,OR,24956	2476791529	lmalone916@enolamanerol.org	Profesor	1
ZP1Q30GYE221P	Brianne	Marsh	Silva	9/8/1985	624 Elm Lane,Stamford,IL,45524	4225702446	bmarsh14@hsramennairb.biz	Empresario	1
5MXY74KAHZJ3L	Pedro	Cross	Harrington	21/04/1944	490 North Hickory Drive,Kansas City ,IL,00450	9679332420	pcross184@ssorcordep.biz	Político	1
NG4C2ZXCF266E	Kathryn	Pierce	Pratt	22/11/2002	505 Harding Highway,Naperville,NE,61404	9433873100	kpierce871@ecreipnyrhtak.biz	Pepenador	1
7NBU24Y5V5PA0	Colton	Nguyen	Terry	5/3/1988	401 North Melon Street,New Haven,LA,66755	9227372565	cnguyen676@neyugnnotloc.net	Maestro	1
I009FN0RQ3S0K	Aubrey	Bates	Ramos	2/3/1984	960 Chocolate Turnpike,Anchorage,MO,17977	6997079161	abates592@setabyerbua.net	Bombero	1

