M01	kquinn200@nniuqislek.net	12/1/2018	Lorem Ipsum말s simply dummy text of the printing and typesetting industry.
M03	chardy488@ydrahdahc.biz	1/1/2008	nte facilisis, sed fringilla felis consequat. Nullam laoreet justo ut augue interdum malesuada. Donec ipsum lacus, finibus eu vestibulum q
M04	chubbard147@drabbuhassiralc.biz	9/30/2018	est vitae euismod. Sed nec volutpat magna. Sed fermentum mauris vitae finibus mollis. Pellentesque sem nulla, cons
M05	imcguire589@eriugcmnai.net	11/13/2009	erat a tincidunt. Pellentesque ornare ante sodales vestibulum iaculis. Integer rutrum est quis dolor tincidunt
M03	kmedina60@anidemardnassak.biz	1/16/2015	et metus a lacus fermentum commodo quis sit amet nisl. Vivamus ut nibh volutpat, gravida nunc vel, viverra turpis. Praesent fermentum tincidunt mauris, at egestas nulla commodo quis. Donec ornare a orci ac tempus. Aliquam erat volutpat. Sed v
M05	iadams847@smadaaidni.com	6/10/2008	eros at, pharetra libero. Pellentesque ultricies, augue vel condimentum dictum, dui turpis luctus erat, nec efficitur ex quam ac libero. In mollis fermentum ante ut tempus. In vel sollicitudin lectus. Quisque felis massa, fa
M02	cmunoz134@zonumeillac.net	3/18/2016	Lorem Ipsum말s simply dummy text of the printing and typesetting industry.
M03	jmunoz155@zonumnahtanoj.org	11/15/2008	nte facilisis, sed fringilla felis consequat. Nullam laoreet justo ut augue interdum malesuada. Donec ipsum lacus, finibus eu vestibulum q
M01	belliott903@ttoilleidnarb.biz	11/8/2015	est vitae euismod. Sed nec volutpat magna. Sed fermentum mauris vitae finibus mollis. Pellentesque sem nulla, cons
M04	smcguire509@eriugcmahsas.net	8/2/2014	erat a tincidunt. Pellentesque ornare ante sodales vestibulum iaculis. Integer rutrum est quis dolor tincidunt
M01	cgilbert401@trebligeissac.biz	11/21/2011	et metus a lacus fermentum commodo quis sit amet nisl. Vivamus ut nibh volutpat, gravida nunc vel, viverra turpis. Praesent fermentum tincidunt mauris, at egestas nulla commodo quis. Donec ornare a orci ac tempus. Aliquam erat volutpat. Sed v
M02	sporter881@retroprelyks.org	11/29/2018	eros at, pharetra libero. Pellentesque ultricies, augue vel condimentum dictum, dui turpis luctus erat, nec efficitur ex quam ac libero. In mollis fermentum ante ut tempus. In vel sollicitudin lectus. Quisque felis massa, fa
M04	wclarke48@ekralcretlaw.com	9/29/2017	Lorem Ipsum말s simply dummy text of the printing and typesetting industry.
M01	jklein369@nielkhpesoj.org	10/8/2011	nte facilisis, sed fringilla felis consequat. Nullam laoreet justo ut augue interdum malesuada. Donec ipsum lacus, finibus eu vestibulum q
M01	tbrady527@ydarbailat.com	10/19/2014	est vitae euismod. Sed nec volutpat magna. Sed fermentum mauris vitae finibus mollis. Pellentesque sem nulla, cons
M02	bwatkins578@sniktawecyrb.com	11/19/2008	erat a tincidunt. Pellentesque ornare ante sodales vestibulum iaculis. Integer rutrum est quis dolor tincidunt
M04	tparker145@rekrapyt.net	12/10/2017	et metus a lacus fermentum commodo quis sit amet nisl. Vivamus ut nibh volutpat, gravida nunc vel, viverra turpis. Praesent fermentum tincidunt mauris, at egestas nulla commodo quis. Donec ornare a orci ac tempus. Aliquam erat volutpat. Sed v
M04	lluna809@anulyrral.biz	5/24/2009	eros at, pharetra libero. Pellentesque ultricies, augue vel condimentum dictum, dui turpis luctus erat, nec efficitur ex quam ac libero. In mollis fermentum ante ut tempus. In vel sollicitudin lectus. Quisque felis massa, fa
M04	hgomez561@zemogyelah.com	11/22/2016	Lorem Ipsum말s simply dummy text of the printing and typesetting industry.
M04	bsilva515@avlisnodnerb.biz	10/20/2011	nte facilisis, sed fringilla felis consequat. Nullam laoreet justo ut augue interdum malesuada. Donec ipsum lacus, finibus eu vestibulum q
M03	tharrington995@notgnirrahyert.net	8/25/2013	est vitae euismod. Sed nec volutpat magna. Sed fermentum mauris vitae finibus mollis. Pellentesque sem nulla, cons
M03	jpratt513@ttarpettenaej.org	2/14/2013	erat a tincidunt. Pellentesque ornare ante sodales vestibulum iaculis. Integer rutrum est quis dolor tincidunt
M01	sterry223@yrretainos.org	6/21/2013	et metus a lacus fermentum commodo quis sit amet nisl. Vivamus ut nibh volutpat, gravida nunc vel, viverra turpis. Praesent fermentum tincidunt mauris, at egestas nulla commodo quis. Donec ornare a orci ac tempus. Aliquam erat volutpat. Sed v
M02	rramos192@somarnomar.org	4/11/2013	eros at, pharetra libero. Pellentesque ultricies, augue vel condimentum dictum, dui turpis luctus erat, nec efficitur ex quam ac libero. In mollis fermentum ante ut tempus. In vel sollicitudin lectus. Quisque felis massa, fa
M02	apaul46@luapnothsa.net	7/24/2012	Lorem Ipsum말s simply dummy text of the printing and typesetting industry.
M03	rayala461@alayadeer.com	2/8/2009	nte facilisis, sed fringilla felis consequat. Nullam laoreet justo ut augue interdum malesuada. Donec ipsum lacus, finibus eu vestibulum q
M02	mfigueroa269@aoreugifsocram.com	3/21/2013	et metus a lacus fermentum commodo quis sit amet nisl. Vivamus ut nibh volutpat, gravida nunc vel, viverra turpis. Praesent fermentum tincidunt mauris, at egestas nulla commodo quis. Donec ornare a orci ac tempus. Aliquam erat volutpat. Sed v
M03	jpatton359@nottapauhsoj.biz	2/19/2008	eros at, pharetra libero. Pellentesque ultricies, augue vel condimentum dictum, dui turpis luctus erat, nec efficitur ex quam ac libero. In mollis fermentum ante ut tempus. In vel sollicitudin lectus. Quisque felis massa, fa
M03	kflynn782@nnylfnetsrik.com	11/11/2016	Lorem Ipsum말s simply dummy text of the printing and typesetting industry.
M05	jgriffith19@htiffirgecitsuj.net	6/12/2013	nte facilisis, sed fringilla felis consequat. Nullam laoreet justo ut augue interdum malesuada. Donec ipsum lacus, finibus eu vestibulum q
M02	fthornton47@notnrohtnaibaf.net	2/3/2014	est vitae euismod. Sed nec volutpat magna. Sed fermentum mauris vitae finibus mollis. Pellentesque sem nulla, cons
M05	awatkins182@sniktawadnama.biz	3/11/2014	erat a tincidunt. Pellentesque ornare ante sodales vestibulum iaculis. Integer rutrum est quis dolor tincidunt
M04	eoconnor522@ronnocorehtse.net	5/8/2010	et metus a lacus fermentum commodo quis sit amet nisl. Vivamus ut nibh volutpat, gravida nunc vel, viverra turpis. Praesent fermentum tincidunt mauris, at egestas nulla commodo quis. Donec ornare a orci ac tempus. Aliquam erat volutpat. Sed v
M04	mross991@ssoraim.net	6/16/2011	eros at, pharetra libero. Pellentesque ultricies, augue vel condimentum dictum, dui turpis luctus erat, nec efficitur ex quam ac libero. In mollis fermentum ante ut tempus. In vel sollicitudin lectus. Quisque felis massa, fa
M05	crowe302@ewordahc.net	2/28/2008	Lorem Ipsum말s simply dummy text of the printing and typesetting industry.
M05	dmcdaniel380@leinadcmnived.org	9/6/2012	nte facilisis, sed fringilla felis consequat. Nullam laoreet justo ut augue interdum malesuada. Donec ipsum lacus, finibus eu vestibulum q
M02	msteele252@eleetssedecrem.org	4/1/2017	Lorem Ipsum말s simply dummy text of the printing and typesetting industry.
M03	fadkins923@snikdatserrof.biz	6/2/2010	nte facilisis, sed fringilla felis consequat. Nullam laoreet justo ut augue interdum malesuada. Donec ipsum lacus, finibus eu vestibulum q
M01	gmitchell133@llehctimyerffoeg.net	10/5/2016	est vitae euismod. Sed nec volutpat magna. Sed fermentum mauris vitae finibus mollis. Pellentesque sem nulla, cons
M05	cpeterson979@nosretepronnoc.net	1/18/2014	erat a tincidunt. Pellentesque ornare ante sodales vestibulum iaculis. Integer rutrum est quis dolor tincidunt
M01	kwilson465@nosliwkcirdnek.com	12/16/2008	et metus a lacus fermentum commodo quis sit amet nisl. Vivamus ut nibh volutpat, gravida nunc vel, viverra turpis. Praesent fermentum tincidunt mauris, at egestas nulla commodo quis. Donec ornare a orci ac tempus. Aliquam erat volutpat. Sed v
M03	hbowman225@namwobrehtaeh.biz	7/4/2013	eros at, pharetra libero. Pellentesque ultricies, augue vel condimentum dictum, dui turpis luctus erat, nec efficitur ex quam ac libero. In mollis fermentum ante ut tempus. In vel sollicitudin lectus. Quisque felis massa, fa
M02	jlang288@gnalnadroj.org	1/1/2015	Lorem Ipsum말s simply dummy text of the printing and typesetting industry.
M02	ahill609@llihaicila.biz	8/25/2009	nte facilisis, sed fringilla felis consequat. Nullam laoreet justo ut augue interdum malesuada. Donec ipsum lacus, finibus eu vestibulum q
M01	lmalone916@enolamanerol.org	9/19/2013	est vitae euismod. Sed nec volutpat magna. Sed fermentum mauris vitae finibus mollis. Pellentesque sem nulla, cons
M04	bmarsh14@hsramennairb.biz	12/25/2016	erat a tincidunt. Pellentesque ornare ante sodales vestibulum iaculis. Integer rutrum est quis dolor tincidunt
M05	pcross184@ssorcordep.biz	3/24/2018	et metus a lacus fermentum commodo quis sit amet nisl. Vivamus ut nibh volutpat, gravida nunc vel, viverra turpis. Praesent fermentum tincidunt mauris, at egestas nulla commodo quis. Donec ornare a orci ac tempus. Aliquam erat volutpat. Sed v
M01	kpierce871@ecreipnyrhtak.biz	1/12/2011	eros at, pharetra libero. Pellentesque ultricies, augue vel condimentum dictum, dui turpis luctus erat, nec efficitur ex quam ac libero. In mollis fermentum ante ut tempus. In vel sollicitudin lectus. Quisque felis massa, fa
M05	cnguyen676@neyugnnotloc.net	6/23/2015	Lorem Ipsum말s simply dummy text of the printing and typesetting industry.
M05	abates592@setabyerbua.net	6/1/2015	nte facilisis, sed fringilla felis consequat. Nullam laoreet justo ut augue interdum malesuada. Donec ipsum lacus, finibus eu vestibulum q
